{"last_raw_angle": 328.18359375, "zero_offset": 40.255859375}