{"last_raw_angle": 89.12109375, "zero_offset": 40.60546875}