{"last_raw_angle": 32.431640625, "zero_offset": 32.783203125}